paragraph,label
today our teams around the world infuse apples deeply held values into everything we make that work can take many forms but whether we are protecting the right to privacy designing technology that is accessible to all or using more recycled material in our products than ever we are always working to make a difference for the people we serve and the planet we inhabit,"[0, 0, 1, 0, 1, 1, 1, 0, 1, 1, 1, 1, 1, 1, 1, 1, 1, 0, 1, 1, 1, 0, 0, 1, 0, 0, 0]"
as a company we know that our impact on peoples lives reaches beyond the technology we create and we apply the same ethos of constant innovation and improvement to every aspect of our work from building an inclusive company culture where everyone feels welcome to becoming carbon neutral across our global supply chain and the lifetime of our products by 2030,"[1, 0, 1, 0, 0, 1, 0, 1, 1, 1, 1, 0, 1, 1, 0, 0, 0, 0, 0, 1, 1, 1, 1, 1, 1, 1, 0]"
at the heart of our efforts is a steadfast commitment to serving the communities we are a part of we work with teachers advocates and entrepreneurs from diverse backgrounds as part of our racial equity and justice initiative we help create opportunity in communities on the front lines of climate change through the restore fund which supports carbon removal and sustainable forestry and we provide resources and training to the next generation of innovators through the apple developer academy and educational initiatives across the globe,"[0, 1, 0, 1, 1, 1, 0, 1, 1, 1, 1, 0, 0, 1, 0, 0, 1, 1, 0, 1, 1, 1, 1, 1, 1, 0, 1]"
in this report we are pleased to share our progress which is a product of collaboration with committed partners worldwide at apple we believe that the only way to effectively tackle global challenges is by working together and we are grateful to share this road with so many passionate leaders,"[1, 0, 1, 0, 0, 1, 0, 1, 1, 1, 1, 0, 1, 1, 0, 0, 1, 0, 0, 1, 1, 1, 1, 1, 1, 1, 0]"
we are engaged in this work because it is right and because we want to leave the world better than we found it in everything we do by leading with our values we hope to be a ripple in the pond that inspires a far greater change,"[1, 1, 1, 1, 1, 1, 1, 1, 0, 1, 0, 0, 1, 1, 0, 0, 1, 1, 1, 1, 1, 1, 0, 1, 1, 0, 0]"
since april 2020 we have achieved carbon neutrality for our corporate emissions by sourcing 100 percent renewable electricity for apple facilities implementing energy efficiency initiatives and securing carbon offsets for remaining emissions,"[1, 0, 1, 1, 1, 1, 0, 1, 1, 0, 1, 0, 1, 1, 0, 1, 0, 0, 1, 1, 1, 1, 1, 1, 1, 0, 0]"
in fiscal year 2021 our environmental initiatives avoided over 23 million metric tons of emissions across all scopes and we reduced our carbon footprint by,"[0, 1, 1, 1, 1, 1, 1, 1, 1, 1, 1, 1, 1, 1, 0, 0, 1, 1, 0, 1, 1, 1, 1, 1, 0, 0, 1]"
40 percent compared with fiscal year 2015 efforts and initiatives that we ve been growing for years made this possible like sourcing 100 percent renewable electricity for our facilities transitioning suppliers to clean energy and using low carbon materials in products,"[0, 0, 0, 0, 1, 1, 1, 1, 1, 1, 1, 1, 1, 1, 1, 1, 1, 0, 0, 1, 1, 1, 1, 0, 0, 0, 1]"
as of march 2022213 suppliers have committed to renewable electricity for apple production representing the majority of apples direct supplier spend in fiscal year 2021 apple and its suppliers brought online over 10 megawatts of renewable energy in our supply chain doubling the amount from the prior year,"[0, 0, 1, 0, 1, 0, 1, 0, 1, 1, 1, 1, 1, 1, 1, 1, 1, 0, 1, 0, 1, 0, 0, 1, 0, 1, 0]"
